{"result_train": {"hamming_loss": 0.2694285714285714, "f1": 0.508959641167496, "accuracy": 0.11533333333333333, "auc_roc": 0.6860022746473087, "jaccard": 0.3593839293652327, "precision_score": 0.4647990338256124, "recall_score": 0.6323093722417016, "avg_precision_score": 0.405914087850025, "zero_one_loss": 0.8846666666666667, "log_loss": 57.061858533636986, "label_ranking_loss": 0.4739753710575139}, "result_test": {"hamming_loss": 0.3005919925221997, "f1": 0.44663973123262773, "accuracy": 0.10359869138495092, "auc_roc": 0.6151708203678833, "jaccard": 0.30887612399765907, "precision_score": 0.41740862996878514, "recall_score": 0.5197842108339814, "avg_precision_score": 0.3674631294343715, "zero_one_loss": 0.8964013086150491, "log_loss": 65.55032288478743, "label_ranking_loss": 0.5218636684324486}, "training sample": 1500, "test sample": 917, "training time": 0.019188880920410156}