{"result_train": {"hamming_loss": 0.23066666666666666, "f1": 0.12489706191160548, "accuracy": 0.012666666666666666, "auc_roc": 0.500671321160043, "jaccard": 0.1081997851772288, "precision_score": 0.1782857142857143, "recall_score": 0.14419978517722878, "avg_precision_score": 0.3028664518438955, "zero_one_loss": 0.9873333333333333, "log_loss": 97.07192821410315, "label_ranking_loss": 0.6636513708513708}, "result_test": {"hamming_loss": 0.23251285246923198, "f1": 0.12477036842774493, "accuracy": 0.017448200654307525, "auc_roc": 0.5006493506493507, "jaccard": 0.10809103655341387, "precision_score": 0.178220906683284, "recall_score": 0.14415584415584415, "avg_precision_score": 0.3045390814202156, "zero_one_loss": 0.9825517993456925, "log_loss": 97.94974592996599, "label_ranking_loss": 0.6618197278911565}, "training sample": 1500, "test sample": 917, "training time": 6.605039834976196}